0,1,2,3,4,5,6,7,8,9,10,11,12,13,14,15,16,17,18,19,20
0.3169924554253787,-0.4509049954292464,0.4406700588116328,0.4664742473600227,-0.7568828694589516,-0.1003776053597513,0.1627465287541082,-0.4323224973446782,-0.2394997547418683,0.2950894066423455,0.21821855449939,0.4757174323778737,0.0330300220916874,-0.4602536781393077,-0.156201023643844,0.6098234191904145,-0.1194129904476229,0.2908124413970135,-0.2189985632203609,0.1677667871315062,1.0
0.9087866111989198,0.0182853780276834,-0.3107477317550375,0.1060984235273461,-0.069863068961875,0.4337239822671117,0.2000682652551497,-0.978801876924106,0.1620454432919975,0.3642551373565886,0.6637962578347613,0.0345141155902654,-0.3098624089383621,-0.0708966660510776,0.129499619873354,-0.2914063990972664,0.2002871450703075,-0.2988307815783113,-0.2339580821133848,0.0577188981066438,1.0
0.4600436239820925,-0.3518465288340765,-0.7110901392362108,-0.6561129638469441,-0.0060278373393357,-0.1716390456780157,0.4268313619495686,-0.1246802302775308,0.1698712414003933,-0.3030112414877612,-0.0818165221327329,-0.0365043224516259,-0.4248358803704388,-0.1061951018871209,0.0014122537804953,0.0286277278591046,-0.0177366596097892,0.0160705264144407,-0.0873083782938978,0.0738212565879548,1.0
-0.0398015534283078,0.5197215807920343,-0.147699967627634,0.1716892805876404,-0.3342557234045724,-0.0027371380803631,0.2969546366228754,0.5637889189464007,-0.2442444436039196,-0.2110151762600483,0.3173996718273583,0.0304033575789967,-0.514331360595493,-0.0113140069800567,-0.1104077117659863,-0.0473620969337048,0.105014074109212,0.1215903962748552,0.0137160524986936,-0.0343238379725256,1.0
-0.9547742455477904,-0.8857474469765276,0.1444855606624176,-0.4101881238229032,0.1139505850643824,-0.0759165913007303,-0.1343737921087335,-0.2777611355780932,-0.0250481115535648,-0.1612105815491805,-0.1796033945440168,0.3522507129778198,0.2508381320233853,-0.0540531056265692,-0.0484413905040505,0.0087418135532276,-0.2352303010878222,-0.1033945220617035,0.1498783117882382,-0.0106724446238323,-1.0
0.8908791288910701,0.4795789608576529,-0.1832990905528543,-0.6058378137928105,-0.23944546076225,-0.1328480585691568,-0.2042667989068611,-0.2333602662490568,0.1455924959840919,-0.0504776405499643,-0.0343184643302814,-0.3849281711846471,0.3794476145585223,-0.2147294802076437,0.1623726575065472,0.0608134990667195,-0.5227855595518707,-0.076947560784149,0.1177423262203259,-0.0886991689617067,-1.0
0.1741177684847972,-0.5587285255419906,-0.7996769250753056,-0.1871454905741897,0.0058333486406679,0.1975106163431602,0.3940678260238408,0.2209151995692281,0.1542763271232763,0.6292454144516855,0.4140400532114288,-0.1332801754293011,0.4326842603315103,0.1682638760406805,-0.0515622872732291,-0.148611643900774,0.0289683006714075,-0.053566285777017,-0.0773086468267523,-0.0020259927136849,1.0
0.7190891101777929,-0.7975174313238489,-0.2879526520803369,0.7469937570221898,0.6264744037603677,-0.3003070707976636,0.2528216443889794,0.2197206668312823,0.2342058559884747,-0.0253526446913676,-0.1825097518161403,-0.0053483630726991,0.0626744979900503,-0.4190744991819265,-0.1847613682434909,-0.0369609990912522,0.3200938616683826,0.0885113411777782,-0.2399151673514446,0.0582504369863624,1.0
0.8270027768511571,0.4105547495769546,-0.5553582899509644,-0.5972111329874683,-0.0237421828065496,0.1329459350774175,-0.0802614095470993,-0.0545876237253707,0.5261079064469986,0.4711529384284031,0.5071452646305187,0.5075565008349406,-0.2150559230705142,0.4359110335077978,-0.1329867115669738,-0.2388807133491037,-0.260726536876447,-0.2100042146166343,0.0751906060774798,0.6531699478698956,-1.0
-0.2446132622139586,-0.6286809471208201,0.6628735640793274,-0.286616246889235,-0.7247184013807914,0.2798634499444513,-0.4838296071695193,-0.0525526330889048,0.0564554918542416,-0.0557540825491058,0.0984284305276232,0.0497083155440606,0.069214849524992,0.1414200164559236,0.4329897975635287,-0.28149928291534,0.2427465919869028,0.609452669614518,0.2587854002703063,0.051280239849878,1.0
0.675817340246186,0.2953981251551634,0.2819159110681659,-0.3457770077703677,0.5018264368502512,1.1698807251975951,0.051358782611229,-0.3276473505270285,0.7617938202715034,0.9895925857309292,-0.3629912630911298,0.3936739216395659,-0.3530556759324663,-0.3314401485018889,-0.2592143625356279,-0.0811433448888457,0.0847058591051187,-0.0381258150055225,0.0354119733231877,0.1012995668725565,-1.0
-0.8811834263687153,-0.5774869103996018,0.403092052108254,-0.0879966995154045,-0.3483000205408095,0.2341868791204725,0.5724247936033917,0.2513930800213866,0.433128862925289,-0.495411936088858,0.146820056435299,-0.2350839854504891,0.145495133071022,0.0309818757533474,0.0202182632126963,0.029525804455092,0.0331053092227613,0.0201991025588179,-0.011672231836633,0.0801722817842216,1.0
-0.0706147065348894,0.9915264914825658,0.8780515181300075,-0.8916444606245514,0.0212307230604967,0.1849338346232359,0.3942539100521154,-0.0875788120990749,1.1028934584628218,0.175789516632885,0.5119390158333315,0.1982104397828401,0.4848060823272236,-0.0060370498360475,-0.0085928366332918,-0.1756670131235841,0.4496097702377593,-0.0983568607154075,-0.0223309642560637,-0.0478727697779746,1.0
0.2944018803685428,0.1319751306168187,1.0425072562504043,-1.0779658395218144,-0.1508340763555669,-0.2802363830913291,-0.1112112652182039,-0.3590113208477246,0.3975211679197048,-0.2253539969378854,0.0968135782126772,0.1302436288515684,-0.1734547700927522,-0.1415290143356421,0.0903344243200932,-0.093531778380484,-0.3852308031989292,-0.1513543123942517,0.2036180552652045,-0.2336095070470463,-1.0
0.0811516451935435,0.3190942488031693,-0.6746981376302119,-0.401960577952451,-0.1821257333951821,-0.1190313057498404,-0.5103511556730069,-0.7202011947385079,-0.1836402340698066,-0.1727600797194401,-0.1682181084058915,0.0463841183661193,-0.2153698237789322,0.023677186597466,-0.2619361123632784,0.0656100466479491,-0.0047035878870609,-0.0622344062828607,0.1222066299281274,0.038118077669623,-1.0
0.3385516600222424,0.6034712439959796,0.377190495100374,0.5952339841180732,-0.1464490574928619,0.0055926900189064,0.5335986305246359,-0.1359892166786222,-0.4587163373912925,-0.0814488677262825,0.2862472499282029,-0.6787448549789572,0.2621687244089412,-0.3998372957580333,0.1335720504122838,0.0138519876717034,-0.0170341950997154,-0.041381199656591,0.1878067548199478,0.1864242998601484,-1.0
0.3854960003876319,0.2500756377906553,0.5442200723002737,-0.6806727927546127,0.2155476897730145,0.370765020780205,-0.3304093348889493,0.6579853707588765,-0.1772744136198449,0.1554566652280055,-0.1341717974529982,-0.1867371439588113,0.6703264141759109,-0.2911125365671632,-0.0674966799391707,-0.0354387957882796,-0.0738445468050013,0.0483197506435083,-0.0606538236874062,-0.0814586584060758,-1.0
-0.7168944391279921,-0.7792968813793266,-0.4707816524493203,-0.0930323617156784,-0.3513256410095832,-0.5189959402961535,-0.042865679330857,-0.4269264839088203,-0.1275015969245605,0.0081782869392762,-0.2125655733956012,0.289492169938282,0.3890085460928427,-0.1146785241438796,0.4324032143570387,-0.3840108489709659,0.0456880980356649,0.6375221755758449,0.2697146935751325,0.0842189164203791,1.0
0.188161652877469,-0.5539069171495029,-0.5035817754953008,-0.3086767549224943,0.0507963225937582,-0.2631677664160363,0.4551662512503183,0.4712195355836498,-0.3271414218274162,-0.0038539554384374,0.0214471743821801,0.108929202942461,-0.3267766278399479,-0.0897415037068317,0.0284184360275611,-0.0328274530724758,0.0237234667781041,0.0244934649773607,-0.047961196009143,-0.0131441011802336,1.0
-0.7798250371754919,0.1948083811071082,-0.6937436773790481,0.0869377433265614,0.3748093754641468,-0.3229109676469571,0.5288393568508575,0.2183098143902513,-0.3073992242031214,-0.2933887417945489,0.0412394321114156,0.1709054009952635,-0.2567346294333746,-0.0939929741012033,-0.1477244625275039,-0.0306333942867746,0.0839964038948265,0.0571714658336717,0.2005674688769518,0.0432409735640837,1.0
0.668534428671351,0.2494785285313117,-0.4728323450383731,-0.4598964734854788,-0.6002925479887211,0.146765511465104,-0.2329439943084071,-0.230240316693064,0.198818175049257,-0.1182751313248017,-0.1485381530788302,-0.223837118221316,0.0375858476920266,0.1385262424230325,-0.1346669561382255,0.2973936737902561,0.5251272921844703,-0.1465905739863295,0.1705641635221638,0.0585752476255273,-1.0
-0.7762192619408438,0.950603591607446,0.5568368665429066,-0.3856282183962037,0.7485765437069268,-0.0505421676518345,0.029254584973172,-0.2593350679275664,-0.2922977744573328,0.5375036904893307,1.002906415785683,-0.0069602858062146,0.0524919099074908,0.3640819152167963,0.3420523044854148,0.7193283784831314,0.253213739702215,0.0493146451629009,-0.1054812553453656,-0.0276376418385894,-1.0
-0.22484025071253,0.4441050378404881,0.4630383135977973,-0.7394344118810149,0.6172322647768065,-0.0531201541088505,-0.5173029858725076,0.1705907543442889,-0.6187463062761576,0.1452940791578048,-0.1740010801162512,0.0782249389485177,0.3423593841067548,-0.1918211356975841,-0.1412469175826948,-0.0773126914240713,0.0559643548094622,-0.0257317211249321,0.0300462761541956,0.0058057647775843,-1.0
0.1344065906992194,0.1357374944477451,0.6788750608754965,0.6946633252612749,0.1665900909593134,0.9565707078346768,0.4424993743965547,-0.1176285879703362,-0.3320053252300597,-0.4836038835016004,-0.0200958894163844,-0.0162319511762667,-0.1071793325815482,0.4573404556049635,-0.1116974545323227,0.0038877150798568,-0.2340818568963772,0.1961311767269317,-0.0246004928654549,-0.1031007806636016,1.0
0.2487284707365634,-1.131775403860001,0.1875053481559477,0.7768590933829601,-0.1124797888717162,-0.596654947963759,0.2899758299628519,-0.244062015060129,0.3943754708104317,-0.0293947426059585,-0.1089146640851703,-0.0796037542336951,0.1761671794766242,-0.3052508997998346,-0.234520455523893,-0.0487549302674599,0.1846706812607537,-0.0083717349052515,0.0073312990400472,0.111412813131933,1.0
0.4538865583393162,-0.550245393586132,-0.4374657950675136,0.1243470738650494,0.4962528364277782,-0.596647269545792,-0.0065729982461842,0.7122602865249599,0.3612275311328874,0.0041524004105349,-0.0675462187642927,0.1318244951715773,-0.1304435183651734,0.0644872912684658,-0.0584448126186833,0.1102926419582577,0.0622243881349684,-0.0546092449053636,0.2121710652133,-0.3077233129047703,-1.0
0.0917632514588803,-0.4332766561282616,0.2103615779416004,-0.2724298613850001,-0.1531835708651344,0.5919155111650103,-0.5545838154467475,0.2116297787441031,-0.2909473450484705,-0.0920926721194568,0.1826358989521094,-0.1966053061830901,-0.2339562603115484,0.111933843127647,0.4856049752662078,-0.3519006229238122,0.0046554759425906,0.6832686829352295,0.1599629469887659,-0.0630718052397981,1.0
-0.0089977508066526,0.4420618798097547,-0.3768027807586698,0.3762444579652634,-0.520222837207501,0.34710512118339,0.0851984944675163,0.5012164236784602,-0.0251925873770444,-0.2152088350356319,0.2081293758194193,-0.2028671237586221,0.1546118643752572,-0.0942181244119595,0.0312305824866719,0.0211588384821616,-0.023054130359175,0.0774052813624365,-0.1037673938634517,-0.0873033004185363,1.0
-0.2853663159048618,-0.5954604756901009,-0.7147412268599838,0.3206210599632843,0.4692829376716614,-0.7264858304261901,-0.3920881894340773,-0.1092208241842045,-0.0362510658756962,-0.0511394884364449,-0.1630369630302376,-0.3209177455612532,0.1091548242295362,0.2490465870826875,-0.1308228006381296,0.1740326573279674,0.21595896296015,-0.1247915340543261,0.1690035787003481,-0.1088948619405365,1.0
-0.4380059685921241,-1.079424409445846,0.3982524022368381,-0.4697957175769142,-0.268739202583554,0.0752963317520187,0.2235881126084126,0.1471687931336298,0.1693951803135213,-0.1787973826650781,-0.0162609686148424,0.0565897435749945,0.1066894864173596,-0.0162185536229581,0.0444195352097869,-0.0179746981243077,0.0274444247412133,-0.0713715389521457,-0.0970770191691036,0.0224931830186049,1.0
-1.1563720454534496,0.5442346668382028,0.0690695817554816,0.414372742354136,-0.8246192885610111,-0.33318965863411,0.0082415684977958,-0.372180372365687,0.0910397609618017,0.5327623793944261,-0.3609363330336503,0.066914728113143,-0.1180898105283305,0.0960817954862751,0.0914373544122034,0.9152642222626332,0.1297012619881624,0.1291589196710862,-0.0479294502455569,0.1876588868661544,-1.0
0.8704143862874381,0.7110742943670096,0.0620854102154818,-0.867356545944488,-0.0643365214633451,-0.4624180952923721,0.0378816807388156,-0.1543194632857755,-0.0031710462386158,0.1695951874966923,0.136772745629473,0.0248525055735879,-0.0053761875244878,-0.1685590447427045,0.147890173682922,0.8808942271552259,0.1007145328513293,0.21324509339509,-0.1141748767922776,-0.0842739336711639,1.0
0.5872672240111234,-0.2111005972802384,-0.3389468982448593,0.4974876819751277,-0.1946248948946742,-0.2022464160689122,-0.7649701350131967,0.4289294998292502,0.2542709826995084,0.0387190703472038,0.0395818588719083,-0.2901109207825452,0.2615551230460061,0.2762759153264011,-0.067251147780793,0.0941647079307008,-0.1068948165838582,-0.1028113420427865,-0.002002520741638,0.1769781966713371,1.0
0.3897321237898103,-0.0230040480264873,-0.183559061731431,-0.1598467411411262,-0.3216332127357774,-0.1208659822498642,-0.08708982833949,0.4037280369925868,-0.4890153071048256,0.093226492547404,0.1573146675014035,0.1970351476347419,-0.4659305273910123,-0.01327813203148,-0.0657984329144667,-0.0844209585733521,0.0858891669315377,0.0006376090696906,-0.067657056669756,-0.0709602907605468,1.0
0.3112479190135688,-0.1405267103776611,-0.2612767531528884,-0.0067897608286067,-0.6256555024256579,0.0097512610041487,-0.2127745054064984,0.144524274513674,-0.430612581985199,0.0889078955447527,0.1287088928343377,-0.306258373731112,-0.0890810055242751,0.2053140353167993,-0.0139032073186603,0.1169133114623004,0.3007202398942415,-0.1531300084360124,0.0867628114648405,-0.0547528362759826,1.0
-1.004773422689991,0.4062703555471443,-0.6684746861363564,0.0659991272198465,0.4531128166960152,-0.1745280640535041,0.7453678088479013,-0.0191758345597472,0.1269419075954743,0.8941945137903007,-0.0467055022675308,-0.0507046385584245,-0.5085182083626697,0.3405420715658204,0.0771738688942835,-0.0493967558158292,0.4002722251649007,-0.197745993808177,0.1803151877201349,0.0559198182698046,1.0
-0.0976934087203403,0.3073949694573037,-0.4849569372024938,-0.1960337615187964,0.0297852515745204,-0.158012849669287,-0.4165018519559976,0.2037996341091119,-0.5759907252344608,0.1952685423667839,-0.2466563206354928,0.5059687197910462,0.0004858197155122,-0.1733967493039804,-0.4895890087826248,-0.1246144157239495,0.157686612834953,0.0893718129692651,0.064535063155198,-0.0273183676500045,-1.0
-0.517889228541238,-0.0091229723911902,-0.1073229179778907,-0.0289985653155907,0.2924784193286311,0.866260286805086,0.4299029655924647,0.8467406294714452,0.6326899850558293,0.1596409903713874,-0.6438284752650016,-0.25806587226175,0.1081276678096792,-0.1410599482662725,0.3120658301962286,0.2728244336416456,-0.1777453065006052,-0.0423973994713402,0.0970132908754162,-0.0527325208629405,1.0
0.5069186315122959,0.3134569875292161,0.2131849310675485,-0.4756934000603537,-0.1311399630175157,-0.496792512733809,0.0633288920665406,0.406289241153178,-0.6381523513141092,0.2520278425442873,0.080043005149911,-0.2448570237377816,-0.0784844337198345,-0.2368196700179487,-0.1970344132788992,-0.168938482926712,-0.1760020539055043,0.1592584623982891,0.021028198009362,-0.0640887751340971,1.0
-0.012430014954186,-0.8073031188212616,-0.0136615966017074,-0.0961531154735652,-0.5823979448638605,-0.3787888515923581,0.7125474975691235,0.0217500018879015,-0.077633161210915,-0.1076453060364583,-0.435440135657459,0.2687255121735963,0.3146756390023972,0.5661181438337377,-0.2749837626480086,-0.1398789523283112,-0.2115336181609289,0.2497996925294564,-0.1779741311058602,-0.1639532899632302,-1.0
0.7418655326138365,-0.2316991334570946,0.0116299519246985,0.5267040979227685,-0.1254060884946138,0.1983273652202506,0.0210246036251095,-0.168553684323505,-0.4598261886070093,0.1142993524719085,0.2031228004735935,0.227564923197326,-0.3116349163527125,-0.2548866812370833,0.0974688428818337,0.0273997881127662,-0.2879232198350052,-0.2394225851738564,0.4414601023651585,-0.2084928574563077,1.0
0.0531560349113916,-0.6856433332196252,-0.6909612388867675,-0.1719340045528986,-0.0493862905816137,0.0392593311686801,0.4495854238997028,-0.0337418703062147,-0.0317117882033823,0.7647164725022323,0.7128060833741567,-0.1632849772561515,0.1266399008069556,0.1677574715971276,-0.0531633298779009,0.5944141860296784,-0.2181015537431149,0.3667180438609879,-0.3673257189424769,-0.0764141074065222,1.0
0.6433607922021185,-0.2407969147200065,-0.0186929988962358,0.4833530821180257,-0.290632421543855,0.2447094962697257,0.0592416011274353,-0.1769138784318505,-0.5676813146322187,0.1207298054524428,0.0906050892111387,-0.0246365330946745,-0.1641241101100608,-0.3005189127536463,-0.101288492279523,-0.021543767727506,0.1143559631179786,-0.0841186032484353,0.0919348734697468,0.115890115340182,1.0
-0.6107758714467975,1.1557652401288054,0.0451812777414411,0.0472885120976178,0.1940971376985522,-0.4642784083727314,0.16320412108334,0.1076626674626115,-0.4432223073472739,0.4494770449791108,-0.4059950649313626,-0.2871287569189074,-0.3466150502167469,-0.2452297524874799,0.298829401970374,-0.1306447939927605,-0.197715649626742,-0.059261308924705,-0.0857300043553152,-0.0237447043497635,-1.0
-0.3833045013526355,-0.5350527368145829,-0.8893845077297287,0.0028374242587894,0.1913936312360176,-0.2591430203290851,-0.0374993014447661,-0.2521842809464165,-0.4799697931796101,-0.0965576759212189,0.0026590427899205,-0.0204262966212698,0.1524449951344308,0.0583224124776928,0.4509662918400521,-0.0058766922879876,-0.0312605392329005,-0.3587050375985955,-0.1006941121280501,-0.0947319358955287,1.0
0.2437245214210285,0.1187603575286525,0.761548391379297,-0.7440771622820962,0.237556371322371,-0.0009768749531972,-0.1652792561770272,0.4194360775997699,-0.5369129092664037,0.0676008519472358,0.1496638652089104,-0.2894247807467457,-0.1110318532636043,-0.0860741057625801,0.0068293804582945,-0.1048695937646773,-0.0651784255574262,0.0191117962226867,-0.0814878687784205,0.0141540899966507,1.0
0.1260404421543227,-0.724531051981945,-0.6339598268253898,-0.1135609800131972,-0.2092077607239273,-0.0640132130410967,0.3000618852435959,0.2439823678408829,-0.2588132306172726,-0.0298891610214052,0.0086440067900965,-0.3222953018843895,0.0427982214633498,-0.027158517994819,0.0707210540587487,0.047385433311746,-0.1001803862790604,-0.0151470103903865,-0.0412976213305709,-0.0484979879038126,1.0
-0.3497076858189749,-0.3042503390277412,-0.3498103438956363,-0.9622354208156032,0.745326051443106,0.1103433807608822,-0.0539792362557721,-0.4576961719409876,0.0301818359315436,-0.4369175296968159,-0.2437249786199883,0.1821719632141458,-0.4190148832943596,-0.0382994663150531,-0.1452165244915165,0.0142722683273831,0.082727181173671,-0.0697371413120208,0.0068029595170538,0.0165562200154756,1.0
0.4436658937918168,0.957967073239632,-0.4916396752490734,-0.2129154265632993,-0.1784240729488077,0.3253121909465726,0.1837985639279114,0.3592566926827759,0.5734119252548182,-0.4205718399378274,0.0012091070213986,0.4034910344038209,-0.112978774120636,-0.2963824079383039,-0.0377778429480636,0.041372859911105,0.0317205676730843,0.1181593506941059,-0.08007860646311,-0.0555886786026658,-1.0
-0.2127434614371235,0.4227400132976882,-0.2061917092320574,1.214612737978191,0.6596791717668838,-0.0902487013777883,-0.1065774651872265,-0.4584837291590178,0.1265439316038531,0.380696899554714,0.6400017785328176,0.0547893006002903,-0.1612156306972428,-0.074906018346567,-0.4633384688161491,-0.3293391209668561,0.0555465889234797,0.1192963548609304,-0.0347556876269164,-0.0354988687073787,1.0
0.51298476645689,0.325413456856401,0.2258660178214086,-0.4751236465272157,-0.1338394628915961,-0.5184836476432496,0.0564958103053151,0.4052039936046322,-0.6341403477269396,0.2609324906912237,0.0914680421444989,-0.2302399170514905,-0.0709778520273603,-0.1740211999852895,-0.1383113411475125,-0.1202795309032722,-0.11740080715278,0.1069437712545299,0.0526821436084721,0.0029041115311187,1.0
0.1503013704224001,-0.4275277765851694,0.3142159063223351,0.3803830507393578,-0.7522007433610435,-0.7745436211037404,-0.5001984352173567,0.0488079405538164,0.3756425832059165,0.0498586340052247,0.07614216993976,-0.1610287314799142,0.0293185359884241,0.3757214163562554,-0.2048041489002682,0.1262347467905425,0.4990321963979343,-0.1750136807649817,0.1776600375985194,-0.0298034065891194,1.0
-0.4122830516019258,-0.0436908027009653,-0.0675761777720608,-0.2756551716590953,0.1457641969951323,0.5289621542961321,-0.8104408694180794,-0.0202585033711891,-0.3882675478077529,-0.0159962429038642,-0.1970108764429993,0.0246101323954795,0.3423409419205379,0.0783694451887815,-0.2632923385653349,0.0684085750403946,0.0917028523198358,-0.1043596159932091,0.1131517930719683,0.037799200266174,-1.0
-0.6704632081640033,0.5485111161163229,-0.5313102053120552,0.3701333139742069,-0.2784798075359631,0.0485453877182058,-0.1551454081070044,-0.0363765510778146,-0.4337041893326397,-0.2093520508521499,0.0625343782258196,-0.2256995438898496,0.0263371330587749,-0.0472700143355056,-0.364554904702415,-0.0769336173040606,-0.071959106969547,0.1622109869368069,0.0165176258938689,0.0133340677159727,1.0
0.1517335771140966,0.355463666228447,-0.8334778463131975,-0.3556943141153435,-0.1780466806329144,0.1113708577410921,-0.5884905210079578,-0.5672909212500447,-0.015735035713528,-0.1665015300250049,-0.3034433125728955,0.1000113255337362,0.1824896981010112,-0.1847353329618665,-0.325418008956115,-0.0786568512061761,-0.1605323747618109,0.0067018033132874,-0.0881150591127946,0.0296530642283715,-1.0
0.3823811280350793,-0.1997162774702179,1.5431680836065884,-0.0182732432136772,-0.0611991155823776,0.0417722900592064,0.3732271298669252,-0.4575173073620517,-0.4266754316279912,-0.0316684624704185,-0.238649233009351,0.1498747150925699,0.4289606463517816,0.2546627098176476,-0.0063050688563581,-0.1981429763260166,-0.091969045559551,0.0118096506649563,-0.1285170601046339,-0.0799251091613696,1.0
-0.5388841526025776,-0.2328436046623047,0.0211338566586029,0.2643897019117126,0.610727517074225,0.2873997677337622,-1.1255862649010628,-0.345748860538938,0.3954902990580237,1.0534729242995244,-0.0864215233267192,-0.3491354046659565,-0.3410617340259661,0.4407783065942917,0.3109128597760383,-0.4461104287330293,-0.0767804705054867,0.6439125026900598,0.1211932195684046,-0.1855234827011448,1.0
-0.0700776802225822,-0.3041758160157105,-1.089333519717916,-0.4551622342677613,0.2619486950706963,-0.2082698047615283,-0.1412234008399603,-0.7647934752263571,0.007412217280151,-0.339392971731098,-0.1425615268721536,0.1314608251180671,-0.0912271382735238,-0.0335163700591095,0.8032323735362102,-0.2503804105518405,-0.0380999664137266,0.4994300528800937,0.1315911820983485,0.2137496386995316,-1.0
0.5135966722446547,0.954482670196756,0.1545486517401801,0.3658261114763117,0.4468337036483047,-0.5979834568008328,-0.1572083141523423,1.0507782802211387,0.4746752115523707,-0.0715978317918391,0.184975701964519,-0.0048651259634715,0.4302058610299104,0.01076582975084,0.2206185663600201,-0.0604885253878552,-0.3232130422320353,-0.0380773438411798,-0.0397064430506979,0.40165463089194,-1.0
0.909367232647033,-0.3369376496262016,-0.0661155375890462,1.0630750571473626,0.1591229976710732,0.0090640682453533,-0.4636888627937986,-0.0428324147959491,0.0867147524028285,-0.0018088034190613,0.1708261392275722,-0.0002606606342888,0.1028656710483326,-0.2204797732121935,0.3517551865108413,-0.0253091883477475,0.1036777054305039,-0.3144947287996922,-0.2005948202154543,-0.1390322784335233,1.0
0.7431991063770257,0.2360110142496546,0.2782517737407801,-0.0022855806930061,0.3064980248433749,-0.997403051588231,-0.4214656540382301,0.5671822374337284,-0.1120114139159925,0.1560165192500446,0.2036209193776151,-0.2502177180565179,-0.0900001494712977,0.2541210709891792,0.0655631466201261,-0.1195860027989494,-0.3106489217203709,-0.1040608295964488,-0.014012601134391,0.5909020265687824,-1.0
-0.7932284029967844,0.377316001039499,0.3483134009145479,0.7029449364039082,0.2781794523135211,0.8433289812674668,-0.0741201284913211,-0.4493692514703389,-0.2639453829755425,0.2009586414232779,-0.4977110138074554,-0.3260779578454549,-0.3493344865139511,-0.240683977140223,0.096671399430505,0.0918444768576027,0.1085242953131977,-0.172954737830841,0.0350310463245158,0.2295903637758233,-1.0
0.0084952370043017,-0.3586876300661498,0.4117558942415465,-0.6647622469846022,-0.2603536460695398,-1.0505264086467805,0.7200319817480952,0.2322583608480659,-0.1032982428454566,0.1900747748287565,-0.0827109328862462,-0.0233867304524004,0.2368704106918368,-0.1511165377692286,-0.0696071727471714,-0.0242584600430487,0.1073515893723405,-0.0486705563915904,0.3532215253870908,0.0031546706057564,-1.0
0.0582052428902902,-0.9306943691858978,0.0372666756795736,0.1409817440832768,-0.0046527554719764,-1.0649872234136346,0.2064367672788079,0.3992215426127692,0.5134736012680102,-0.0828502940281836,-0.055077585395168,0.3116292507339502,-0.2405230400671615,-0.0923282401973012,-0.2015866426750578,-0.1733152501331341,0.2113449218331286,0.1647575655441396,-0.3869647877216044,-0.0430163265459603,1.0
-0.1517044968129105,-0.9316307667874526,-0.0897047113296341,-0.4015615081114057,0.1449747985506332,0.4609097968217326,0.0804785615244822,0.288276166025518,-0.1613835788508668,-0.1911585776474407,0.0161694026747408,-0.3975032307418988,0.0119269876852221,0.0287068775149883,0.0661892683511014,0.0761753073193664,-0.0952183622879533,-0.0061836045474901,-0.1230833320269782,-0.0243168894039107,1.0
-1.204177377941734,0.1100720036659757,0.428023931328981,0.1509120344202045,-0.3260422443546296,0.2646349524331696,-0.3275021189320611,-0.228945857508949,0.0376058776721265,-0.4196090318410563,0.1589414758368379,0.182291474032757,0.1606246368345512,-0.0411177598816942,-0.0210447000307641,-0.1278388732649652,-0.1961204566472627,-0.0196274919023854,-0.1363842743513924,0.0072748877466595,1.0
-0.4732331791119417,0.8875763082670967,-0.5573960734131882,0.2905683794868506,-0.1266489901470608,0.1295290346960415,-0.1899498095990965,0.2449425287496771,-0.1214772762280228,-0.1087863955361205,-0.0954197836725107,0.1874413678965126,0.5063703854014767,0.0626941617847621,-0.0247007426087727,0.2135836570284052,0.6473834879529513,-0.2076675323974886,0.2484890499592525,-0.04853884876007,-1.0
0.9679540949626356,0.145045211931819,-0.5191477395505436,0.0734753723524856,-0.0551309448236002,-0.0528365730577133,-0.7461253960463103,0.0382509019795753,0.9010406703143934,-0.189509508170192,-0.1627162066399772,-0.0650497463235467,0.1976403177217716,-0.0071133498308577,-0.1299138450079711,0.1765261159143372,-0.050059881597753,-0.0671909916147738,0.0863975471260482,-0.3912438223965808,-1.0
-0.0626289820427507,0.2392514227528011,0.6332779616599854,1.077636033728106,-0.7907655212963819,0.2188040223506077,0.7906105515803965,-0.3827987161333021,0.1727565063482054,0.2536104196498855,-0.712181295105072,0.0738261412300616,-0.1484376088972341,0.4019787213966313,-0.0590289344981064,-0.0444886649343053,-0.3384192794867595,0.0048841628181097,0.2251113040100173,-0.1681361188371306,1.0
-0.5556004621731911,0.2575816897287006,-1.0286003088777185,-0.1266150618883453,0.1411876977631499,-0.070196759969254,0.3683097143299093,-0.5480561539974045,0.2219839142729112,-0.6284964398386093,-0.0772411159361391,-0.2740968089932272,-0.0390722631316025,-0.0730517960021005,-0.010425713431276,0.0675849249883714,-0.1233837848735811,0.0271858258068639,-0.0297417186054952,0.1790992426655369,1.0
-0.4051419656704946,0.4320027662076793,0.2751270654845485,0.0969737498554696,-0.0602079155817803,0.865258906449666,-0.0075887666824179,0.6590380473102934,0.2520685818644319,0.1589378609903254,-0.3450294116393722,-0.2265568145780457,-0.4251869161890634,-0.0844595331260714,0.2928597342513864,0.0097815950254341,-0.107422868726494,-0.0552201950826924,-0.2489756168863554,-0.0792228048673425,1.0
0.9262151980234176,0.0325350335012558,-0.4641292854749405,0.0988172200119667,-0.073644515260471,-0.1768947997355539,-0.7531232399851007,-0.0787995236161399,0.8091597092903152,-0.2135484046508003,-0.0498063121002247,-0.1526395719581876,-0.0700030372644922,0.1337222676357356,-0.1910347532528143,0.1566483783328246,-0.4651398799960075,-0.0600680393107264,0.2775072703389535,-0.2532521336205308,-1.0
-0.9317728794556714,0.4780067731761608,1.0557032762884722,0.1387049506389939,0.3185122107813931,-0.7338300605913192,-0.4595799930733811,-0.0869467786495748,0.274240384139109,-0.3140088438003932,0.1430463827624925,-0.2772678028863922,0.2865652123888568,0.073136966610203,-0.0576238267632456,-0.0677764147189801,0.2156675036365173,-0.0325255825609295,-0.0583812322235484,0.0458353649380071,-1.0
-0.2025329759524756,-0.5172725857585377,0.7267417045389719,-0.3437992007470546,-0.5692204308521355,0.1851180311943626,-0.3123158196696751,0.1267413210679986,0.0229805463720904,-0.0859055906476817,0.1353307166276637,0.2557049189424155,-0.0955726408859039,0.0685982127081941,-0.0405440614711067,-0.0854182466359116,-0.032778372903517,-0.1115931824060356,-0.0371547235417836,0.0097178835142274,1.0
0.853141657536683,-0.3239232080771961,-0.0315126325028475,0.923427099249544,0.0314067109093893,0.0015886808804373,-0.5373365777341212,-0.038671273946472,0.0787009550580443,0.1444381742586029,-0.0556519766585297,-0.1263650844543941,0.166838243606394,-0.1791675079664648,0.2772145130734167,-0.1686772184311061,0.4900262846045915,0.6671078521846779,0.3424580472417304,0.1031696943153817,-1.0
-1.1550636018803069,-0.1386120961001102,-0.2492382959194972,-0.1097843994224676,0.4139107323522512,0.3686392577408491,0.1836145291377836,0.0567949613464951,-0.1572999869257153,-0.4250557470738734,-0.1028747832482553,-0.448418495556755,0.1325379221783905,0.0874500806278092,-0.3721558578838633,0.1560041861144777,0.0793999899844768,0.1342757724135709,0.2495075352638881,0.1253515173258073,1.0
0.5689052866255377,-0.31384673543486,-0.2299491021555189,0.5709495353489518,-0.0999641155469774,-0.3848555585697623,-0.7293178910152152,0.1995987025593282,0.134396852683418,-0.0574659836683324,0.3445777203587106,-0.2210416194815781,-0.1979682041870689,0.3969202421216399,0.3935922414289342,0.1294997643540344,-0.2289179412707573,-0.349947099832371,0.105136560976855,-0.2049710345547581,-1.0
0.1652893157332025,0.4557136387863709,0.4135990856860068,0.4176020766568801,0.5880240722097845,1.154730748010107,0.3404199871040129,0.2830224349042572,0.3336202580017799,0.3415260000531903,0.713509442011883,0.5793842527943943,0.0923543386571254,-0.2420018997620522,0.0298011059189177,-0.1454030013972481,0.3118626213957504,-0.1131168992886357,0.0716324110048918,-0.0201994924193776,-1.0
-0.1262162576608069,1.3478553605421473,-0.1824396912939387,-0.4504699446489836,0.2700466965576329,-0.5594164502844716,0.0940606341495529,-0.5005694958954097,-0.1188423368746469,-0.4143375228732259,0.1146348500519789,-0.1594031818461183,-0.1771287150464845,-0.065633590056849,0.0816840787048886,0.0510567742404108,-0.1099856658337319,-0.0920397227802888,0.3688467585950388,0.2374408686403428,-1.0
-0.5519430550720521,0.2322172323889703,0.1797706281729,0.4948726736552338,-1.0764021097514636,-0.0114003104000192,0.2822367840235281,0.1427473948286006,0.3531816252840018,0.2513370228679657,-0.2465977498999685,-0.1751585631648604,-0.3166506331203781,-0.0787924460627369,0.3989128565500793,-0.12628181033244,-0.1423957193515558,-0.1435623358482262,-0.3079658428345785,-0.0256151874008431,1.0
0.1674433624804838,-0.5281871248777837,-0.7503357429250945,-0.2242120236911326,-0.023449914865123,0.1565274754499455,0.4143482310700191,0.213340640129905,0.1794388069559002,0.6710389674389174,0.3668014789141002,-0.1995725043791721,0.4191153058399582,0.2594433255283219,-0.2155301067383702,-0.0628304716982388,0.1383971485389218,-0.0651477753407334,0.1855713557567301,-0.0813567433953239,-1.0
0.980392592809394,1.1761450564143334,0.4028504828825484,0.1962510867602306,0.3044300881254239,0.0004318414466502,0.8889626293551252,-0.498355768737945,0.0069125745524887,-0.4800653105082959,-0.0926140568381538,0.148672617070056,0.0947998707537208,0.2163281952913021,0.4160056796789313,-0.0357012901728275,0.0731384396131888,-0.1129623117567682,-0.0790196093611005,-0.1382228719347215,1.0
-0.5364844199472548,-0.220034082059267,-0.0231959660993584,0.0211398705394756,-0.4300103864416581,-0.468761864927773,0.9411584507012224,0.4447808626677891,0.273539891317882,-0.3126836241799626,0.1593467510536063,0.2899552551240033,-0.2016247287117669,-0.1400439871934242,-0.0279445657414118,-0.1276954181348165,0.0496145170634599,0.0832502917924848,0.0184075615399898,0.0364758906805627,1.0
0.6565536601728293,-0.3230882383252297,-0.0930816362998901,0.6098896389431657,-0.2977593682758577,0.3200394489732923,-0.0160399651604489,-0.2696824131943751,-0.5532342704895336,0.0514597529336978,0.2080454492221164,-0.0277699908944576,-0.0844456613964742,-0.3204409620961194,0.2822746507139402,-0.0507735333106727,-0.0196506820318195,-0.2127328888119611,-0.1340282514519469,0.064254693949263,1.0
-1.0464195000673993,0.5986488396005158,0.0711880177027673,0.3029138782107962,-0.4899816489062646,-0.3513272954651031,0.119913073738579,0.011098259159457,0.0608186573818983,0.3427620829021878,-0.5036253778920325,0.4695742576092073,-0.5251599501067304,-0.2518577457808483,-0.0591083384292857,-0.2533059191933845,-0.2181871607673231,0.0428939113324777,-0.141488473370269,0.030068318386114,1.0
0.103222285194428,-0.1780324739219499,0.6417288377194064,-0.8597814935340741,-0.4308893464755469,0.1105044037057969,-0.1934879800403622,-0.2942771124059425,0.4514071025720336,-0.3573133673581521,0.0304207929321528,0.4264041241768028,-0.5120514829411903,-0.0153340196393519,-0.142350558517098,-0.0931279180602336,0.12314882607098,-0.0673502342030068,-0.1054357228183382,0.0354526024508593,-1.0
0.2308957131024651,0.7874693423878709,-0.2920824011600416,-0.832499841202672,0.4188321945540205,-0.4936559999564103,-0.1213074483714644,-0.8016453392556622,-0.1203688296759293,0.5534825173741698,0.4400272026838915,0.0320633458328898,-0.0634606934068404,0.0055463784300392,-0.1642206644290392,-0.3824582507023844,-0.1419924209971013,-0.081156747006646,-0.0291920997900637,-0.1420329393767154,-1.0
-0.334457611896639,-0.3741939058273651,0.1628125411266337,0.2368921512445518,0.8207725520369527,-0.0319488979583341,0.1876095804136904,0.7436281895821785,0.5136288838683394,-0.5674123465081199,0.2946494216185846,-0.2303501017211062,-0.5261211360091594,0.1118564854237444,0.0726214173324305,0.038957113063899,-0.1065021757605203,0.1126248871673307,-0.0689816293586811,-0.1989449565441861,1.0
0.4686165171676802,1.1916060970455609,-0.0167450582560625,-0.5162163871293026,-0.0501529779434617,-0.1936952572445874,0.3926116423061069,0.1785258688827656,0.2541323466265113,-0.3224661179554628,0.0671468329133942,-0.229056354761723,-0.0289370559241788,-0.3879141040175149,-0.1229583680909769,-0.0792163418854772,-0.184877887177268,0.2285752110720242,-0.0130322918449043,-0.0126995626009515,1.0
-0.8056890514523332,0.0730448006291709,-0.7912043732488874,0.2398454053433275,0.2688430640101962,-0.2171027648671698,0.4276008750912785,0.0186991759762621,-0.2913082382931508,-0.37514196179206,0.1419620062521169,-0.0253934647180971,-0.0502926445372368,-0.0235532131496238,0.3381434793626594,-0.0131445556281002,0.0977543931361843,-0.1499271680642768,-0.1045261973525526,-0.0707073531619238,1.0
-0.5992441542511797,0.0832430777810681,0.0106017334928447,-0.220206686879165,0.0635528968243772,0.6115414414346325,-0.7396828172833734,0.0095857224527117,-0.2119343477948236,0.5676985368356393,-0.8531258890915651,-0.1895498232419671,0.0061437494858546,0.0370532406092449,-0.1493231459769123,0.1479639530317914,0.0985357914734095,-0.1341963717757118,0.0523130597582492,0.0521391616304521,-1.0
-0.2578352125862838,-0.556552955961453,0.7029648673880191,-0.2984109477800962,-0.7253608724230941,0.233205834878333,-0.3454037720278469,0.0012532667455688,0.0194076144112466,-0.0871580341663289,0.1065303715002471,-0.0044767989771835,0.0740532360678121,0.1615665846655418,-0.026217481604233,0.0173151737364231,0.2148385012051239,-0.1721445386838458,-0.0170104748241551,0.018128738428623,1.0
-0.8068629172882584,0.7539209346782377,0.3852522251179919,0.0579993866716738,-0.4630504901459226,-0.7848409327566662,0.1164940315624477,-0.296570763282279,-0.2433559490857525,-0.0928322018394574,0.1356214083054209,-0.1321571305964821,0.4722537066929199,-0.1073331149506064,0.0855278365843909,-0.1035319462447404,0.1096901278146343,-0.1334541028098764,0.1230177406510913,-0.0255658422972565,-1.0
-0.3806483355601314,0.1317097992969633,0.1464392299742135,0.3890895295553214,-1.0357538025970612,-0.1096380680117591,0.2168413608446753,0.1439843382362911,0.1894788755322848,-0.2542168259778838,0.3089585380356467,0.0084089318567241,0.0340789971015673,-0.0293854498138352,0.000767099714147,-0.0827301408766995,-0.1309186129795949,0.0123723920405399,0.0074090255755494,-0.0427692650130615,1.0
1.1961709481488072,0.1646723024239191,0.2634694734839094,0.2743647389844302,0.2397432649561793,-0.4553955601553026,-0.235116900386034,-0.6766901533570521,0.2629213047673266,-0.0904469427152495,-0.0539263073310131,-0.742114497836392,0.0374468017334715,-0.4088330962029016,-0.3271124152676777,-0.0295782321733238,-0.2824521617543732,0.0953432436361906,0.1320793068414642,0.0536034600322642,-1.0
-1.0100682987323857,-0.8686634240933114,0.3262628104816221,0.0754536950472592,0.3869218315945235,-0.4442335245082118,-0.4276540853526211,-0.1670154077879642,0.5766882929042313,0.3223009414235396,-0.782766977601168,-0.0835753282888641,-0.17274070101559,0.1070117089314627,0.0695344599594051,0.0414831597775022,0.0502689489089551,-0.1906961711424241,-0.1292708140359768,-0.0133531010040491,-1.0
0.1232430556266053,0.7147414884264236,-0.0366551879599293,0.1045710310651639,0.672719859001794,-0.7405333339567289,-0.6938481473571972,0.3942179646483634,0.0732751020792678,0.7894512419919123,-0.8315992672652486,0.0263141079539237,0.2248977040007856,-0.3491432568983695,0.1633590096123081,-0.1243372823763736,-0.0133705958631714,-0.0921203365197005,-0.297132785352326,-0.2051390747004269,1.0
1.2271805884231577,0.4017400687256452,0.3365431288595992,-0.0634104431997556,-0.000394799277616,-0.0548724477938243,0.467005187749375,-0.9039283344809508,-0.3834726247285486,-0.1770715934745115,-0.3189304741685723,-0.2791543805283761,0.177324279055086,0.1991705020421053,-0.0226055923167228,-0.0954241752233421,-0.1937719415872666,0.0735689943854596,-0.1331778976561102,-0.0711764444410917,1.0
0.8269654640475288,-0.2018229470919676,0.0835829350076949,0.6634890093312159,-0.1865708126024409,0.3063349594276505,0.3036407082858734,-0.3387669886847685,-0.7185247873732018,-0.0642319216511496,-0.1337949170831189,0.2051852435277734,-0.0180632446487889,0.4000396495688399,0.133863028992746,-0.1593905329086418,-0.0435718972190729,-0.0447813193719585,-0.3113581269962452,-0.1188703604207,1.0
1.327257184522969,0.3969964845172625,-0.1063906551057033,0.0639239478666851,0.1122150872617567,0.4604939738084914,0.3432151502871597,-0.3605075514019606,0.0564898998298387,-0.185648697109051,-0.5511046013358144,0.8054780609153054,0.0921781742487165,0.0920805909263378,-0.1891894832583792,-0.0433479464266243,0.0918472937392724,0.1043057051964253,-0.1315044575613217,-0.1990097699270454,1.0
0.3960591904604705,-0.0062562018642616,-0.1628985428774848,-0.1648553351158405,-0.3253905526137028,-0.1460898555075742,-0.0857580365493587,0.3865477710103584,-0.4701900526819984,0.1022145024296597,0.1615247249281888,0.1852821162170697,-0.4701495224902698,0.0522862599041729,-0.0571923235535249,-0.0316045243120468,0.1403662707536693,-0.0641489173544194,0.0661381368793403,-0.11613297864253,1.0
1.0053546781047518,0.206003916361368,-0.1359704452451909,0.3897455429511847,0.3093445355060433,-0.3278755314925254,-0.4381051226841874,0.8447256339270242,0.2883156877726867,0.0046103221539134,-0.350739648396079,0.7282018460620616,0.3037678381574098,1.0888757713884023,-0.0795392104295752,-0.0419239216657582,-0.3709087774776538,-0.075463949856512,-0.0389847565495141,0.5463013285821505,-1.0
-1.0629286670608018,-0.4636571570995965,0.3517474020478161,0.497646376394206,0.507121756315829,0.4299035752308331,0.5569267146388434,-0.8293675758514057,0.5023359921647885,0.1988169872882968,0.5493913334172562,0.2990049947691585,0.318532398108888,-0.002547555232086,-0.15529781453061,-0.0905114378680391,-0.4452186074583041,-0.2406424082924706,0.7955553022854488,-0.232397790975413,1.0
-0.6704826250853501,0.4212278832073177,0.1119792630618277,0.4360183996191654,0.6526377718791532,0.1529692997041058,-0.7553713791069931,0.3428802917299413,0.2412429209965164,-0.4006298792577183,0.0452052380484523,-0.0329050202638662,0.0222250413139553,0.0975639287303307,-0.2095895865165248,0.0237827132131496,0.2225241607108837,0.0823652379157122,-0.1926048491218646,-0.0390004630822147,1.0
0.8091265747716904,-0.3397791839338984,0.0925252254900312,0.9216120543376748,0.1501678946971737,-0.1831721261160565,-0.3012387281602902,0.0151497604030518,-0.1399433604317108,0.0484057701547705,0.1502291303426333,-0.0288269312283405,-0.3678926237735963,-0.3080732683347469,-0.310294574743505,-0.1039195818214376,0.1243556404673743,0.0497989829457715,-0.0130717757584187,0.1094701176506265,-1.0
-0.8014731405825254,0.205752340850119,0.0056717341106071,0.844815967051103,-0.3349065928774751,-0.6930573124515257,-0.484131652431549,-0.1729772131807349,0.3804858560682504,-0.3018639125282633,0.1294175597918701,0.0484934505934157,0.1099974579891182,0.0384551828389885,-0.22274859647769,-0.1150960776638319,-0.0514759999282318,0.0668485246570888,-0.0953557548944348,-0.1270877052443301,1.0
0.042135913530034,0.5180600952507591,-0.3222398179329513,0.3063600554796237,-0.3611851844344222,0.252118651291363,0.1418429302285302,0.6010695906945037,-0.0371886871782937,-0.217710027893927,0.2543332494333163,0.0640754634752868,-0.039205116902369,-0.1186027638116486,0.111672757628388,-0.0203096611445052,-0.0556399243105219,0.0413256160604543,-0.0942532065806666,-0.11148453573065,1.0
-0.8148275198722954,0.0897103273971714,-0.4497291133260131,-0.4515714205402386,0.5697686755884431,0.4057414564068362,0.1872927167606717,-0.4733299510400661,0.309717449256064,-0.7950817770269092,-0.0470323630944391,-0.2393083341251761,-0.1817316708728572,-0.0379083424377534,0.0135084686573576,0.0870842385838837,-0.0875404609035621,0.0191602473692064,-0.0782342783328165,0.1132073728992417,1.0
0.812080477048021,0.3033186231742233,-0.622062199072164,-0.4064657049032809,-0.3735902298580282,0.336017384710855,-0.2852760307949347,-0.0009740768060864,0.3570032268792196,-0.1677229089877136,-0.1411238734214817,0.2041270080568347,0.2018471091470587,-0.2103706050675033,0.1117520224801644,0.0178104775644601,0.1356251590715879,-0.1282452129923704,-0.2584329534501169,-0.1116566580675879,-1.0
-0.1518994971881482,-1.2113334961708495,0.6358128939676091,0.0778480915340187,-0.1058416656906218,0.3378183205519637,0.4447720430076579,-0.3258258784935743,0.0612096515484705,-0.1323204434319142,-0.0744181227969357,0.0584036463426416,0.2161212447448379,-0.3261513289110169,-0.0103140120352311,0.0304288846578107,0.1228207455848492,-0.1382411037884743,0.0932163994154446,0.2039039403088366,1.0
0.2254277542755158,-0.6229783291018347,-0.7114571876991957,-0.11005076115293,-0.13679399288244,0.0718113785909679,0.2434702420317519,0.4068898321458269,-0.0808429319567542,0.0124306731980827,-0.1001010499919088,-0.1310375193724318,0.3282939194265269,-0.1336506443407971,0.0955383924937955,0.0722825424138078,-0.1190633081744466,-0.0313195554692761,-0.0119787008955744,-0.1313872355585171,1.0
0.3615328504553385,-0.4952243716890032,0.4639820879311622,0.2651975622306998,0.0142703704781791,0.8434415147544925,-0.2024295203477064,-0.1799452385699825,-0.4456345622181434,-0.0759409347481877,0.1169337999263047,-0.196431478754842,-0.1103897595617051,-0.2746564372861973,-0.1327327317817797,-0.0436144945250757,-0.0118846981266407,-0.0791604276476675,0.0254155313205469,0.1733200850065168,1.0
0.1236942338051994,-0.7063826587903927,-0.6108086441022305,-0.1252771382374121,-0.2224747271748938,-0.0910357762561072,0.3085808679851629,0.2300273769976347,-0.2538942093732708,-0.0189345737413706,0.0061350559708147,-0.3442738055003435,0.0409369987891094,0.0352243624347514,0.0747760067626559,0.0971729687982995,0.0083423201794009,-0.0666335208552638,0.0424911620526379,-0.063317321740772,1.0
-0.1732082474086456,-0.8871823696488362,-0.1793076691673171,-0.4466579550233905,0.3245060711200982,0.5948618752267645,0.2008782129784287,0.105907137065765,0.119905960676879,0.4319034115324806,0.5562766104807979,-0.3431818146306072,0.0913558328019977,0.3417034313966964,-0.0660789055694422,-0.1324107947404092,-0.1539930041527733,-0.0353098969947841,-0.0728571096498916,0.0260259365449588,1.0
-0.7229999170433126,0.6105952009811128,0.0336108323194284,-0.0155419868043834,0.499918235909298,0.4907825799202309,-0.3482710024541947,0.3177852713138234,-0.1967479237507381,-0.3780945702422091,0.1616314604775615,0.5083389443507884,-0.0947738817734881,-0.0304660994261172,0.2129082010916645,-0.0157805839940394,-0.010595065143744,-0.119076655567832,-0.1052129674649262,0.0752137794311082,-1.0
